,ทะเบียนโรงงาน ,ชื่อโรงงาน ,newCode,facType,ISIC,TSIC,desc,tel
0,ศ3-20(1)-1/34ชม,บริษัท เชียงใหม่ เบเวอเรช จำกัด,00500400125349,"20(1),20(3)",1104,11041,ผลิตโซดา และน้ำดื่ม,-
1,ศ3-8(1)-4/36ชม ,บริษัท สหปราจีนบุรีอุตสาหกรรมอาหาร จำกัด ,00500000425362,8(1),1030,10302,ทำผัก-ผลไม้ น้ำผัก-ผลไม้ บรรจุกระป๋อง,053-884194-5
2,ศ3-8(1)-2/36ชม,บริษัท ช้างอวอดส์ (1959) จำกัด ,00500000225366,8(1),1030,10302,ทำอาหารกระป๋องจากผัก พืชหรือผลไม้และดองผักพืชหรือผลไม้,0-5388-4857-62
3,ศ3-8(1)-1/34ชม ,บริษัท สันติภาพ (ฮั่วเพ้ง 1958) จำกัด ,00500000125343,8(1),1030,10302,ผลิตผักและผลไม้บรรจุกระป๋องสำเร็จรูป,297984
4,3-58(1)-119/50ชม ,บริษัท ไดมอนด์ วัสดุ จำกัด ,10500011925507,58(1),2395,23953,ผลิตอิฐมวลเบา อบไอน้ำ,053-849434-8
5,ศ3-8(2)-2/33ชร ,บริษัท แพนสตาร์ จำกัด ,-,-,-,-,-,-
6,จ3-1-3/19ชร ,สถานีบ่มใบยาสูบปงของ,20570000325199,1,1200,12001,บ่มใบยาสูบ จำนวน 50 เตา,-
7,ศ3-15(1)-2/38พบ ,บริษัท โกรเบสท์คอร์โพเรชั่น จำกัด ,00760000225382,15(1),1080,10801,ผลิตอาหารสัตว์น้ำ,-
8,3-44-1/40พบ ,บริษัท กังวาลโพลีเอสเตอร์ จำกัด ,10760200125406,44,2013,20131,ผลิตเส้นใยสังเคราะห์ชนิดเส้นใยโพลีเอสเตอร์,032-447577-87
9,ศ3-15(1)-3/38พบ ,บริษัท ลีพัฒนาผลิตภัณฑ์ จำกัด (มหาชน) ,00760000325380,15(1),1080,10801,ทำอาหารผสมหรืออาหารผสมสำเร็จรูปสำหรับเลี้ยงสัตว์บก,032-446565
10,3-53(5)-56/48พบ ,บริษัท ไททัน โพลีเทค จำกัด ,10760005625485,53(5),2223,22230,ผลิตท่อและแผ่นพลาสติก,-
11,3-15(1)-13/48พบ ,บริษัท ไทยลักซ์ เอ็นเตอร์ไพรส์ (ประเทศไทย) จำกัด ,10760001325486,15(1),1080,10801,ทำอาหารผสมหรืออาหารสำเร็จรูปสำหรับเลี้ยงสัตว์ เช่น สัตว์น้ำ,032-447681-8
12,3-51-4/49พบ ,บริษัท วีรับเบอร์ คอร์ปอเรชั่น จำกัด ,10760100425492,51,2211,22112,ผลิตยางนอก ยางใน รถจักรยาน รถจักรยานยนต์,032-561696
13,3-4(3)-11/47พช ,บริษัท โกลเด้น ไลน์ บิสซิเนส จำกัด ,10670001125473,"4(2),4(3)",1013,10139,แปรรูปผลิตภัณฑ์เนื้อไก่แช่แข็ง,-
14,3-15(1)-12/47พช ,บริษัท โกลเด้น ไลน์ บิสซิเนส จำกัด ,10670001225471,"2(1),15(1),15(2)",1080,10801,อบพืชผลและผลิตอาหารสัตว์,056-563274
15,3-4(1)-30/47พช ,บริษัท โกลเด้นไลน์ บิสซิเนส จำกัด ,10670003025473,"4(1),4(6)",1011,10111,ฆ่าและชำแหละไก่,-
16,3-4(1)-1/31 ,บริษัท ซีพีเอฟ (ประเทศไทย) จำกัด (มหาชน) ,10100000125316,4(1),1011,10111,ฆ่า และชำแหละไก่ ไก่สดแช่แข็ง,02-9894074-60
17,น.53(5)-1/2536-ญนล. ,บริษัท แพนเอเซียอุตสาหกรรม จำกัด ,72030200125367,"53(1),53(5)",2223,22230,ผลิตแผ่นพลาสติกแผ่น,-
18,ศ3-12(4)-1/33 ,บริษัท เฟิรสท์ คอนเฟคชั่นเนอรี่ จำกัด ,00100100125333,"10(2),12(4),12(8),12(9),12(10)",1073,10732,"ทำหมากฝรั่ง, ลูกกวาด, ถั่วลิสงเคลือบ, เยลลี่, ช๊อคโกแลต และขนมปังกรอบ และอาหารในภาชนะบรรจุปิดสนิท",02-4521542
19,3-53(1)-27/33 ,บริษัท โปลิโฟม อุตสาหกรรม จำกัด ,10100002725337,53(1),2221,22210,ทำผลิตภัณฑ์โฟม เช่น วัสดุกันสะเทือน,02-4519349-53
20,3-38(2)-1/34กจ ,บริษัท ไทยเคนเปเปอร์ จำกัด (มหาชน) ,10710000125346,"38(2),39",1701,17012,ผลิตกระดาษคร๊าฟ ได้เดือนละ 3877.5 ตัน และกล่องกระดาษลูกฟูก,034-611955
21,3-38(2)-2/34กจ ,บริษัท สยามคราฟท์อุตสาหกรรม จำกัด ,10710000225344,"38(1),38(2),88(2),89",1701,17012,ผลิตกระดาษคราฟท์และเยื่อจากเศษกระดาษ กำลังการผลิต 164950 ตัน/ปี,"5863333,5864444"
22,3-38(1)-2/35กจ ,บริษัท สยามคราฟท์อุตสาหกรรม จำกัด ,10710000225351,"38(1),38(2)",1629,16292,ผลิตกระดาษแข็งเคลือบขาว และกระดาษแข็งสำหรับแผ่นยิบซั่ม,561191
23,3-16-1/48กจ ,บริษัท สุราพิเศษทิพราช จำกัด ,10710000125486,16,1101,11011,ผลิตและจำหน่วยสุรากลั่นชนิดสุราขาว,-
24,3-8(1)-8/48กจ ,บริษัท บ่อพลอยฟู้ด อินดัสทรี จำกัด ,10710000825481,8(1),1030,10302,ผัก ผลไม้ น้ำผลไม้บรรจุกระป๋อง และผลไม้อบแห้ง,034-615300
25,3-17-1/49กจ ,บริษัท น้ำตาลไทยเอทานอล จำกัด ,10710100125493,17,2011,20114,"ผลิตเอทานอลเพื่อใช้เป็นเชื้อเพลิง ขนาดกำลังการผลิตไม่เกิน 200,000 ลิตรต่อวัน",-
26,จ3-26(1)-1/37ขก ,บริษัท ขอนแก่นแหอวน จำกัด สาขา 1 (ศูนย์บวร) ,20400300125372,26(1),1394,13940,ผลิตเชือก ตาข่าย แห อวน ทุกชนิด,224998
27,3-26(1)-1/43ขก ,บริษัท ขอนแก่นแหอวน จำกัด ,10400000125435,"26(1),26(2),68",1394,13940,ผลิตเชือก อวน แห ตาข่าย และ,043-221880
28,3-26(1)-1/47ขก ,บริษัท ขอนแก่นแหอวน จำกัด ,10400000125476,"26(1),26(2)",1394,13940,"ผลิตเชือก, ตาข่าย, แห, อวน",-
29,3-17-3/47ขก ,บริษัท ไทยเอทานอล พาวเวอร์ จำกัด (มหาชน) ,10400000325472,17,2011,20114,ผลิตเอทานอลเพื่อใช้เป็นเชื้อเพลิง,-
30,3-38(2)-3/50ขก ,บริษัท ฟินิคซ พัลพ แอนด์ เพเพอร์ จำกัด (มหาชน) ,10400000325506,"38(2),88",1701,17012,กระดาษพิมพ์เขียนชนิดไม่เคลือบผิว ผลิตพลังงานไฟฟ้ากำลังการผลิต 31.2 เมกะวัตต์ ,-
31,ศ3-11(6)-1/39จบ ,บริษัท โรงแป้งสหสินวัฒนา จำกัด ,00220000125397,11(6),1072,10722,ผลิตกลูโคส เดกซ์โทรส,039-321098
32,น.39-1/2536-ญวก. ,บริษัท ยูเนียนคาร์ตอน อินดัสทรีย์ จำกัด ,72090000125363,39,1702,17020,แผ่นกระดาษลูกฟูกและกล่องกระดาษลูกฟูก,0 3857 0163-8
33,3-8(1)-3/15ชบ ,บริษัท อาหารสยาม จำกัด (มหาชน) ,10200000325153,8(1),1030,10302,ผลิตอาหารกระป๋อง ผลไม้กระป๋อง น้ำผลไม้ และน้ำส้มสายชู เพิ่มผลิตผักกระป๋อง น้ำผลไม้เข้มข้น,2352178
34,ศ3-9(2)-1/37ชบ ,บริษัท ไทยโทโยกลูโคส จำกัด ,00200000125373,"9(2),12(7)",1061,10612,ผลิตแป้งข้าวจ้าว และแป้งปรุงแต่ง ผลิตผลไม้แช่อิ่มอบแห้ง,038 291578-9
35,3-51-1/40ชบ ,บริษัท เอ็น.ดี.รับเบอร์ จำกัด (มหาชน) ,10200600125409,51,2211,22112,ผลิตยางใน-ยางนอกรถจักรยานยนต์,0388-160707
36,3-72-1/44ชบ ,บริษัท ไทยเซชิน อี.เอ็น.เอฟ. จำกัด ,10200700125440,72,2640,26402,ผลิตชิ้นส่วนอุปกรณ์เครื่องใช้ไฟฟ้า อิเล็คทรอนิคส์ และทำโฟมเพื่อเป็นฉนวนสำหรับตู้เย็นและภาชนะรองรับ,038-411116
37,3-58(1)-98/48ชบ ,บริษัท สมาร์ทคอนกรีต จำกัด (มหาชน) ,10200009825484,58(1),2395,23953,ผลิตคอนกรีตมวลเบา,038-442500
38,3-39-27/50ชบ ,บริษัท เอเอสเอ คอร์รูเกท คอนเทนเนอร์ จำกัด ,10200002725509,39,1702,17020,ผลิตกล่องกระดาษและแผ่นกระดาษลูกฟูก,038-158844
39,3-9(6)-39/50ชบ ,บริษัท ทองทาปีโอก้า (1999) จำกัด ,10200003925504,9(6),1062,10621,ทำมันเม็ดอัดแข็ง,038-446180
40,3-53(6)-3/57ชบ ,บริษัท ซัมอิล โฟม (ไทยแลนด์) จำกัด ,10200000325575,53(6),2229,22299,ผลิตและจำหน่ายโฟมบรรจุภัณฑ์,038-190830-1
41,3-48(4)-1/49ชน ,บริษัท โนเบล เอ็นซี จำกัด ,10180000125490,48(4),2029,20291,ผลิตไนโตรเซลลูโลสสำหรับอุตสาหกรรม,-
42,3-60-1/27ตก ,บริษัท ผาแดงอินดัสตรี จำกัด (มหาชน) ,10630100125279,60,2410,24101,ถลุงแร่สังกะสี,-
43,3-10(3)-1/16นฐ ,บริษัท โรงงานผลิตภัณฑ์อาหารไทย จำกัด ,10730000125161,10(3),1074,10743,ทำบะหมี่กึ่งสำเร็จรูป เส้นหมี่กึ่งสำเร็จรูป เกี๊ยวสำเร็จรูป โจ๊กกึ่งสำเร็จรูป อาหารกึ่งสำเร็จรูป วัตถุปรุงแต่งรสและเครื่องปรุงรส อาหารพร้อมปรุง และอาหารสำเร็จรูปที่พร้อมบริโภคทันที,4201072
44,3-8(1)-4/18นฐ ,บริษัท ไอ.เอส.เอ. แวลู จำกัด ,10730000425181,"7(1),8(1)",1030,10302,ทำผัก ผลไม้และปลากระป๋อง ผลิตอาหารสำเร็จรูปสำหรับเลี้ยงสัตว์ เช่น ปลากระป๋องสำหรับเลี้ยงแมว,034-323992
45,3-22(2)-2/13นฐ ,บริษัท โทเร เท็กซ์ไทล์ (ประเทศไทย) จำกัด (มหาชน) ,10730000225136,22(2),1311,13111,ปั่นด้าย ทอผ้า ถักผ้า ย้อมผ้า แต่งสำเร็จและพิมพ์ผ้า,331788
46,3-24-1/15นฐ ,บริษัท แค็ปปิตอล ทรีคอท จำกัด ,10730100125152,24,1399,13999,ถักผ้าและย้อมผ้า (โดยมีเครื่องถักผ้า 200 เครื่อง),4201216
47,3-17-1/29นฐ ,บริษัท ไทยแอลกอฮอล์ จำกัด (มหาชน) ,10730300125291,17,2011,20114,ผลิตเอธิลแอลกอฮอล์ ได้วันละ 400000 ลิตร,034-391022-24
48,3-10(3)-2/28นฐ ,บริษัท ไทยวา จำกัด (มหาชน) ,10730000225284,10(3),1074,10743,ทำวุ้นเส้น แป้งสลิ่ม ก๋วยเตี๋ยว เซี่ยงไฮ้,034-391011
49,3-51-1/37นฐ ,บริษัท ยางโอตานิ จำกัด ,10730500125372,51,2211,22112,"ผลิตยางรถยนต์ (กำลังการผลิต 115,200 เส้นต่อปี)",034-223333
50,3-22(3)-10/35นฐ ,บริษัท ประเสริฐสมบูรณ์เท็กไทล์ จำกัด ,10730001025352,22(3),1313,13131,ฟอกย้อมผ้า,-
51,ศ3-10(3)-1/36นฐ ,บริษัท โรงงานผลิตภัณฑ์อาหารไทย จำกัด ,00730200125369,10(3),1074,10743,"ทำเส้นหมี่อบแห้ง เดือนละ 1,166 ตัน และเส้นก๋วยเตี๋ยว เดือนละ 800 ตัน",-
52,3-22(3)-9/35นฐ ,บริษัท พี.พี.เท็กซ์ไทล์ พิมพ์ย้อม จำกัด ,10730000925354,22(3),1313,13131,"ฟอกย้อมผ้า และพิมพ์ผ้า ได้ 4,800,000 หลาต่อปี",-
53,ศ3-8(1)-4/36นฐ ,บริษัท ฟู้ดสตาร์ จำกัด ,00730000425365,8(1),1030,10302,"ผลิตเครื่องดื่มจากผัก ผลไม้ และน้ำดื่ม ได้เดือนละ 400,000 ลิตร",-
54,3-38(2)-1/40นฐ ,บริษัท กฤษณะมงคล จำกัด ,10730500125406,38(2),1701,17012,ผลิตกระดาษสีน้ำตาล,-
55,3-9(2)-1/42นฐ ,บริษัท ซิโนไทย สตาร์ช จำกัด ,10730000125427,9(2),1061,10612,ผลิตแป้งข้าวจ้าว แป้งข้าวเหนียว แป้งมันสำปะหลัง แป้งแปรรูปและแป้งดัดแปร,-
56,3-8(1)-1/43นฐ ,บริษัท วราฟู้ดแอนด์ดริ๊ง จำกัด ,10730100125434,8(1),1030,10302,ทำผักและผลไม้บรรจุกระป๋อง ทำน้ำผลไม้กระป๋องและเครื่องดื่มจากผัก พืชหรือผลไม้ต่าง ๆ,238382-3
57,3-22(3)-1/43นฐ ,บริษัท ที.ยู.ดับบลิว.เท็กซ์ไทล์ จำกัด ,-,-,-,-,-,-
58,3-10(3)-3/43นฐ ,บริษัท แฟชั่นฟู้ด จำกัด ,10730000325431,10(3),1074,10743,ผลิตอาหารประเภทข้าวเกรียบจากแป้งสาลี แป้งมันสำปะหลัง แป้งข้าวโพด บะหมี่กึ่ง สำเร็จรูป ขนมปังอบกรอบและเครื่องปรุงรส,(034) 324473-6
59,3-22(3)-1/45นฐ ,บริษัท รุ่งสินเจริญ จำกัด ,10730500125455,22(3),1313,13131,ฟอกย้อมด้ายและผ้าทุกชนิด,-
60,3-98-3/47นฐ ,บุญถาวรซักอบรีด ,10730000325472,98,2826,28269,ซัก อบ รีด เสื้อผ้าทุกชนิด,-
61,3-10(3)-2/45นฐ ,บริษัท เอฟ-พลัส จำกัด ,10730100225457,"10(3),13(2),13(8)",1074,10743,ผลิตภัณฑ์จากแป้งข้าวจ้าว-ข้าวสาลี อาหารกึ่งสำเร็จรูป ผงเครื่องปรุงอาหาร เครื่องแกง-น้ำพริกและน้ำมะนาวปรุงแต่ง,-
62,3-51-2/50นฐ ,บริษัท สวซิ ซ์-วัน คอร์ปอเรชั่น จำกัด ,-,-,-,-,-,-
63,3-8(1)-2/43นฐ ,บริษัท ฟู้ดสตาร์ จำกัด ,10730000225433,"8(1),20(1)",1030,10302,ผลิตเครื่องดื่มที่ทำจากผลไม้ชนิดต่าง ๆ น้ำดื่ม น้ำผัก น้ำผลไม้ ผลิตชา เครื่องดื่มเกลือแร่ น้ำนมถั่วเหลือง ผลิตภัณฑ์ประเภทเยลลี่ ผลิตภัณฑ์ประเภทวุ้นคาราจีแนนสำเร็จรูป,(034)397033-4
64,3-24-4/33นฐ ,บริษัท ไทยอิสเทอน อินดัสทรี้ จำกัด ,10730100425339,24,1399,13999,ถักผ้ายืด (จำนวนเครื่องถักผ้า 24 เครื่อง) และตัดเย็บเสื้อ,4202055
65,3-51-4/51นฐ ,บริษัท โอตานิ เรเดียล จำกัด ,10730100425511,51,2211,22112,ผลิตยางรถยนต์,034 339 563
66,3-15(1)-4/51นพ ,บริษัท โกรเบสท์คอร์โพเรชั่น จำกัด ,-,-,-,-,-,-
67,ศ3-15(2)-1/38นม ,บริษัท แหลมทองโพลทริ จำกัด ,00300000125389,15(2),1029,10294,ป่นขนไก่ เพื่อผสมเป็นอาหารสัตว์,(044) 419646-8
68,3-53(6)-1/44นม ,บริษัท ไทยโฟม โคราช จำกัด ,10300200125443,"53(4),53(6)",2229,22299,ทำภาชนะบรรจุจากโฟม,-
69,3-53(6)-1/48นม ,บริษัท ไทยโฟมโคราช จำกัด ,10300100125485,"53(4),53(6)",2229,22299,โฟมบรรจุภัณฑ์,044-375369-70
70,3-38(1)-1/46นว ,บริษัท เอ็นไวรอนเม็นท์พัลพ์ แอนด์ เปเปอร์ จำกัด ,10600200125461,38(1),1629,16292,ผลิตเยื่อกระดาษฟอกขาวจากชานอ้อย,056-338338
71,3-17-1/50นว ,บริษัท เคทิส ไบโอเอทานอล จำกัด ,10600000125505,17,2011,20114,"ผลิตเอทานอล เพื่อใช้เป็นเชื้อเพลิง ขนาดกำลังการผลิตไม่เกินวันละ 230,000 ลิตร",-
72,3-22(2)-1/25นบ ,บริษัท ยูไนเต็ดแฟบริค จำกัด ,10120000125256,"22(2),22(3),87(4)",1311,13111,ทอสายยางยืด สายเทป ทำกระดุมและฟอกย้อม (จำนวนเครื่องทอ 94 เครื่อง เครื่องถัก 5 เครื่อง),-
73,3-22(2)-2/35นบ ,บริษัท อุตสาหกรรมแมนดารินสปินนิ่ง จำกัด ,10120000225353,22(2),1311,13111,ปั่นด้ายจากใยเทียม และใยธรรมชาติ ทอผ้า ฟอกย้อม,5838116
74,3-9(1)-18/22บร ,ห้างหุ้นส่วนจำกัด โรงสีไฟศิริเอี่ยมแสง ,10310001825224,9(1),1061,10611,สีข้าวชนิดแยกแกลบแยกรำ (กำลังสีสูงสุดของร้านสีข้าว 25 เกว,-
75,3-22(2)-2/14ปท ,บริษัท อุตสาหกรรมสยามซินเธทิค เท็กซ์ไทล์ จำกัด ,10130000225147,22(2),1311,13111,ทอผ้า ฟอกผ้า ย้อมสีและพิมพ์ลวดลายผ้า จำนวนเครื่องทอ 414 เครื่อง,5313460
76,3-7(4)-1/22ปท ,บริษัท น้ำมันพืชปทุม จำกัด ,10130000125222,"7(4),7(5),42(1)",1049,10491,ทำน้ำมันพืชบริสุทธิ์ เนยเทียม ไบโอดีเซล กลีเซอรีนบริสุทธิ์ การผลิตพลังงานไฟฟ้าจากพลังงานความร้อนขนาด 600 กิโลวัตต์ เพื่อใช้ในกิจการของตนเอง,02-5812348
77,3-98-1/31ปท ,บริษัท ไอเดีย กรุ๊ฟ วอชชิ่ง จำกัด ,10131000125311,98,2826,28269,ซัก ฟอก รีดเสื้อผ้าสำเร็จรูปและผ้าต่าง ๆ,5837349
78,3-22(3)-1/32ปท ,บริษัท วาย.เอ็ม.พี.พิมพ์ย้อม จำกัด ,10130100125320,22(3),1313,13131,พิมพ์และฟอกย้อมผ้า,5292703
79,3-53(4)-2/33ปท ,บริษัท โปลิโฟม ไฮเท็คส์ จำกัด ,10130100225336,53(4),2222,22220,ทำผลิตภัณฑ์โฟม,02-5292501
80,3-53(4)-2/35ปท ,บริษัท ไทยโฟม จำกัด ,10130100225351,53(4),2222,22220,ทำแผ่นโฟม และกล่องสำหรับบรรจุสิ่งของ,02-5294080-2
81,3-51-1/39ปท ,บริษัท ไฮฮีโร่ จำกัด ,10130400125392,51,2211,22112,ผลิตยางนอกรถยนต์และจักรยานต์ยนต์ ,-
82,3-53(4)-2/43ปท ,บริษัท อีพีอี แพคเกจจื้ง (ประเทศไทย) จำกัด ,10130000225436,53(4),2222,22220,ผลิตภาชนะบรรจุจากกระดาษ โฟม พลาสติก,02-9091717
83,3-56-17/48ปท ,บริษัท ไทยไล้ท์บล๊อคแอนด์แพเนล จำกัด ,10130001725483,56,2392,23921,ผลิตภัณฑ์คอนกรีตมวลเบา,02-581-8555
84,3-105-75/48ปท ,บริษัท ปทุมรีไซเคิล จำกัด ,10130007525481,105,3821,38211,คัดแยกวัสดุที่ไม่ใช้แล้วเฉพาะที่กำหนดในหมวด 1 ข้อ 1 ของภาคผนวกที่ 1 บัญชีสิ่งปฏิกูลหรือวัสดุที่ไม่ใช้แล้ว ท้ายประกาศกระทรวงอุตสาหกรรม ฉบับที่ 1 (พ.ศ.2541) ล้างขวดแก้ว บดล้างพลาสติกและอัดเศษโลหะ,-
85,จ3-10(3)-6/55ปท ,บริษัท นิสชิน ฟูดส์ (ไทยแลนด์) จำกัด ,20130000625559,"13(2),53(4)",1074,10743,"ผลิตบะหมี่กึ่งสำเร็จรูป,เครื่องปรุงรส ขยายทำภาชนะบรรจุบะหมี่กึ่งสำเร็จรูป",02-5292610
86,3-56-13/55ปท ,บริษัท ไทยไล้ท์บล็อคแอนด์แพเนล จำกัด ,10130001325557,56,2392,23921,ผลิตอิฐมวลเบา,02-199-3851-56
87,3-8(2)-1/29ปข ,ห้างหุ้นส่วนจำกัด อุตสาหกรรมผลไม้ปราณบุรี ,10770100125299,"8(1),8(2)",1030,10304,"ทำผลไม้กวน,ผลไม้บรรจุกระป๋อง,สับปะรดกระป๋อง และน้ำผลไม้บรรจุกระป๋อง",-
88,ศ3-8(1)-1/35ปข ,บริษัท กุยบุรีผลไม้กระป๋อง จำกัด ,00770000125359,8(1),1030,10302,ผลิตสับปะรด น้ำสับปะรดบรรจุกระป๋องและน้ำสับปะรดเข้มข้น,032-681578-81
89,3-8(1)-16/49ปข ,บริษัท เนเชอรัล ฟรุต จำกัด ,10770001625496,"8(1),8(2)",1030,10302,ทำผักและผลไม้บรรจุกระป๋อง เช่น สับปะรด ว่านหางจรเข้และน้ำสับปะรดเข้มข้น,032-623-256
90,3-8(1)-14/49ปข ,บริษัท ควอลิตี้ ไพน์แอปเปิล โปรดักส์ จำกัด ,10770001425491,8(1),1030,10302,พืชผักและผลไม้บรรจุกระป๋อง น้ำผลไม้ สับปะรดกระป๋องและน้ำสับปะรดเข้มข้น,032-575288
91,3-8(1)-21/47ปข ,บริษัท สยามอโลเวล่า (2005) จำกัด ,10770002125470,8(1),1030,10302,ผลิตพืช ผักและผลไม้บรรจุกระป๋อง,-
92,3-102-1/48ปข ,บริษัท ทิปโก้ ไพน์แอปเปิ้ล จำกัด ,10770000125480,102,3530,35302,ผลิตไอน้ำ,032811224
93,3-8(2)-2/48ปข ,บริษัท อุตสาหกรรมผลไม้ปราณบุรี (2005) จำกัด ,10770000225488,8(2),1030,10304,ผลิตพืช ผัก และผลไม้อบแห้ง,-
94,3-22(3)-1/35ปจ ,บริษัท เอสเอสดีซี(ไทเกอร์เท็กซ์) จำกัด ,10250000125350,22(3),1313,13131,ฟอกย้อม แต่งสำเร็จ ด้าย และผ้า,281930
95,3-38(2)-1/35ปจ ,บริษัท ยูไนเต็ด เปเปอร์ จำกัด (มหาชน) ,10250100125359,38(2),1701,17012,ผลิตกระดาษคราฟท์ ไม่มีการผลิตเยื่อกระดาษ กำลังการผลิตปีละ 60000 ตัน,-
96,ศ3-9(4)-1/36ปจ ,บริษัท แลคตาซอย จำกัด ,00250000125360,"5(1),9(4),20(3)",1061,10615,ผลิตน้ำนมถั่วเหลือง เดือนละ 500000 ลิตร น้ำอัดลม เดือนละ 250000 ลิตร และนมสด เดือนละ 120000 ลิตร,037-207070
97,ข3-7(1)-1/44ปจ ,บริษัท พลังงานบริสุทธิ์ จำกัด (มหาชน) ,91120000125449,7(1),1049,10491,ผลิตน้ำมันปาล์มบริสุทธิ์และน้ำมันไบโอดีเซล,-
98,3-38(2)-5/47ปจ ,บริษัท อินเตอร์แปซิฟิคเปเปอร์ จำกัด ,10250000525476,"38(2),88",1701,17012,ผลิตกระดาษคราฟท์,"02-4543386-92 , 037-213333"
99,3-13(2)-5/53ปจ ,บริษัท ซันชาย ไบโอเทค อินเตอร์เนชั่นแนล จำกัด ,10250000525534,"13(2),58(1)",1077,10774,ทำกรดมะนาว (citric acid),037-278806
100,3-9(6)-1/32อย ,บริษัท นครหลวง อินฟินนิทิเกรน จำกัด ,-,-,-,-,-,-
101,3-15(1)-1/29อย ,บริษัท แหลมทองเกษตรภัณฑ์ จำกัด ,10140300125293,15(1),1080,10801,ผลิตอาหารสัตว์,035-341097
102,3-39-1/32อย ,บริษัท บางไทรอุตสาหกรรม จำกัด ,10140400125326,39,1702,17020,ผลิตกล่องกระดาษ,371068
103,3-19(2)-1/37อย ,บริษัท เบียร์ทิพย์ บริวเวอรี่ (1991) จำกัด ,10140100125378,19(2),1103,11030,ผลิตเบียร์ ประมาณปีละ 700 ล้านลิตร น้ำดื่ม ประมาณปีละ 200 ล้านลิตร และน้ำโซดา ประมาณปีละ 100 ล้านลิตร,035-276200-9
104,3-38(1)-1/36อย ,บริษัท ปัญจพล พัลพ อินดัสตรี้ จำกัด(มหาชน) ,10140200125369,38(1),1629,16292,ผลิตเยื่อกระดาษคราฟท์ กำลังการผลิต 275 ตัน/วัน,035-201997
105,3-26(1)-1/37อย ,บริษัท เชือกและอวนสยาม จำกัด ,10140200125377,26(1),1394,13940,ผลิตเชือก ด้าย กำลังการผลิตได้เดือนละ 330 ตัน,-
106,3-42(1)-1/36อย ,บริษัท พรวิไลอินเตอร์เนชั่นแนล กรุพ เทรดดิ้ง จำกัด ,-,-,-,-,-,-
107,3-39-1/41อย ,บริษัท อุตสาหกรรมกล่องสยาม จำกัด ,10140600125415,39,1702,17020,ผลิตกล่องกระดาษลูกฟูก และกระดาษลูกฟูก,"035-200993, 0863758893"
108,3-66-1/40อย ,บริษัท สยามบราเดอร์เน็ต จำกัด ,10141000125401,66,2821,28219,ซ่อมและผลิต,02-9788440-02-9788595-6
109,3-53(4)-31/47อย ,บริษัท วิงฟง แอดฮีซีฟ แมนูแฟคเจอริ่ง (ประเทศไทย) จำกัด ,-,-,-,-,-,-
110,3-87(7)-1/38อย ,บริษัท แก้วกรุงไทย จำกัด ,10140300125384,87(7),3290,32909,บดแก้ว,035-287101-3
111,จ3-1-1/44พย ,สถานีบ่มใบยาสะแล่ง(วังดิน)  ,20560000125442,1,1200,12001,บ่มใบยาสูบ,081-9924741
112,จ3-1-1/42พย ,สถานีบ่มใบยาดอนไชยป่าแขม ,-,-,-,-,-,-
113,3-1-1/31พย ,ถานีบ่มใบยาสูบสันกลาง ,-,-,-,-,-,-
114,3-52(4)-1/32รย ,บริษัท ซันไทยอุตสาหกรรมถุงมือยาง จำกัด ,10210300125328,52(4),2219,22199,ทำถุงมือยาง,613914
115,น.88(2)-1/2552-ญนพ,บริษัท โกลว์ พลังงาน จำกัด (มหาชน) ,72070100125521,"88,88(2)",3510,35101,ผลิตกระแสไฟฟ้า(โรงไฟฟ้าก๊าซธรรมชาติขนาดกำลังการผลิต77MWและขนาดกำลังการผลิต401MWและโรงไฟฟ้าถ่านหินขนาดกำลังการผลิต120MW)ไอน้ำและน้ำเพื่อการอุตสาหกรรม,-
116,3-13(2)-1/15รบ ,บริษัท ราชาชูรส จำกัด ,10700000125156,13(2),1077,10774,ผลิตผงชูรส,032-211331
117,3-38(2)-1/12รบ ,บริษัท สยามคราฟท์อุตสาหกรรม จำกัด ,10700000125123,"38(2),88",1701,17012,"ผลิตกระดาษเหนียวและผลิตภัณฑ์กระดาษ กำลังการผลิต 9,000 ตัน/เดือน",211387
118,ส3-10(3)-1/33รบ ,บริษัท ไทยเพรซิเดนท์ฟูดส์ จำกัด (มหาชน) ,00700300125338,10(3),1074,10743,"ผลิตเส้นหมี่,ก๋วยเตี๋ยว,ก๋วยจั๊บกึ่งสำเร็จรูป",201503-4
119,ศ3-8(2)-2/34รบ ,บริษัท คิวพี (ประเทศไทย) จำกัด ,00700000225347,"4(2),4(5),4(7),8(1),8(2),13(2),92",1030,10304,ผลิตผักอบแห้ง เครื่องปรุงรสอาหาร อาหารกระป๋องและอาหารแช่แข็ง,(032)312903-5
120,ศ3-10(3)-1/34รบ ,บริษัท นาเชา (ประเทศไทย) จำกัด ,-,-,-,-,-,-
121,ศ3-42(1)-1/36รบ ,บริษัท ศักดิ์ศรีอุตสาหกรรม จำกัด,-,-,-,-,-,-
122,ศ3-8(1)-1/35รบ ,บริษัท ฮาร์โมนี่ อะกริ บิสสิเนส จำกัด ,-,-,-,-,-,-
123,3-22(3)-2/35รบ ,บริษัท โกลเด้นเธร็ด จำกัด ,10700100225351,22(3),1313,13131,ย้อมเส้นด้าย,299235
124,3-22(3)-4/35รบ ,บริษัท เอส วี เอ็ม เท็กซ์ไทล์ จำกัด ,-,-,-,-,-,-
125,3-22(3)-1/37รบ ,บริษัท สิ่งทอซาติน จำกัด ,10700100125379,"22(1),22(2),22(3),22(4),23(1),23(4),25,26(1),26(2)",1313,13131,กรอด้าย ทอผ้า ฟอกย้อม พิมพ์ผ้าและเย็บผ้าม่าน การทำผลิตภัณฑ์จากสิ่งทอ,032-389187
126,3-22(3)-2/37รบ ,บริษัท เอฟเวอเรสท์ เท็กซ์ไทล์(ประเทศไทย)จำกัด ,10700100225377,"22(2),22(3),22(4)",1313,13131,"ฟอกย้อมผ้า เส้นด้าย และพิมพ์ผ้า ได้ปีละ 5,760,000 หลา",-
127,3-9(2)-10/49รบ ,บริษัท อุตสาหกรรมแป้งมันบ้านโป่ง จำกัด ,10700001025496,"9(2),9(5)",1061,10612,ผลิตแป้งมันสำปะหลังดัดแปร (Modified Starch),-
128,3-44-1/36รบ ,บริษัท เจียมพัฒนาซินเธทิคไฟเบอร์ จำกัด ,10700200125360,44,2013,20131,"ผลิตเส้นใยสังเคราะห์ ได้ 36,000 ตันต่อปี (ผลิต Polyester chip, Polyester Yarn และ Polyester staple Fiber อย่างละ 12,000 ตันต่อปี)",032-389078
129,3-15(1)-1/40รบ ,บริษัท เอส พี เอ็ม อาหารสัตว์ จำกัด ,10700200125402,15(1),1080,10801,ผลิตอาหารสัตว์สำเร็จรูปสำหรับเลี้ยงสัตว์,032-303005-8
130,ส3-86-1/33รบ ,บริษัท ฮาร์สันสปอร์ต จำกัด ,00700500125336,86,3230,32309,ผลิตลูกฟุตบอล ลูกบาสเก็ตบอล และลูกวอลเลย์บอล,032-389241
131,3-8(1)-9/47รบ ,บริษัท ไทย โคโคนัท จำกัด (มหาชน) ,10700000925472,"8(1),8(2)",1030,10302,การทำอาหารหรือเครื่องดื่มจากผัก พืช หรือผลไม้และบรรจุในภาชนะที่ผนึกและอากาศเข้าไม่ได้ การถนอมผัก พืช หรือผลไม้ โดยวิธีกวนตากแห้ง ดองหรือทำให้เยือกแข็งโดยฉับพลัน หรือเหือดแห้ง ผลิตผลิตภัณฑ์น้ำกะทิและมะพร้าวอบแห้ง,-
132,จ3-22(4)-1/37รบ ,บริษัท เอส.ที.พิมพ์ย้อม จำกัด ,20700100125377,22(4),1313,13132,พิมพ์ผ้า ย้อมผ้าและฟอกผ้า,-
133,จ3-58(1)-3/39รบ ,บริษัท อินทรี ซุปเปอร์บล๊อก จำกัด ,20700000325390,58(1),2395,23953,"ผลิตภัณฑ์คอนกรีต เช่น เสาไฟฟ้าอัดแรง,คอนสปัน,เสาเข็มอัดแรง, พื้นสำเร็จรูป,ผนังสำเร็จรูป",032-373208-10
134,3-10(3)-4/49รบ ,บริษัท ไทยเพรซิเดนท์ฟูดส์ จำกัด (มหาชน) ,10700000425499,10(3),1074,10743,ทำผลิตภัณฑ์อาหารกึ่งสำเร็จรูปจากแป้ง เช่น เส้นหมี่ ก๋วยเตี๋ยว ก๋วยจั๊บ โจ๊ก ธัญพืช ซุป ข้าวผัด ข้าวต้ม,032-342658
135,น.87(4)-1/2549-นรบ. ,บริษัท เอ็ม. ไอ. ที. โกล์ด จำกัด ,82260100125492,22(3),3290,32901,"ผลิตซิป-หัวซิปทุกประเภท,ย้อมผ้า-ด้าย,ทอสายกระเป๋า-ยางยืด-BELTและหัวเข็มขัด",032375845-6
136,3-17-3/49รบ ,บริษัท กรุงเทพ อุตสาหกรรม แอลกอฮอล์ จำกัด ,10700000325491,17,2011,20114,ผลิตเอทิลแอลกอฮอล์และผลิตเอทานอลเพื่อใช้เป็นเชื้อเพลิง กำลังการผลิต 30000 ลิตรต่อวัน,-
137,3-15(1)-1/29ลบ ,โรงงานอาหารสัตว์พัฒนานิคม,10160000125294,15(1),1080,10801,ผลิตอาหารสัตว์,036-491330-1
138,ส3-15(1)-1/34ลบ ,บริษัท เบทาโกร จำกัด (มหาชน) ,00160200125344,"15(1),15(2)",1080,10801,ผลิตอาหารสัตว์ผสมสำเร็จรูป และส่วนผสมอาหารสัตว์ สำหรบสัตว์น้ำ,036-638277-80
139,ศ3-4(1)-1/35ลบ ,บริษัท สหฟาร์ม จำกัด ,00160000125353,"4(1),4(2),4(6),92",1011,10111,ฆ่าไก่ ชำแหละ และห้องเย็นแช่แข็ง,-
140,3-4(1)-1/36ลบ ,บริษัท บี.ฟู้ดส์ โปรดักส์ อินเตอร์เนชั่นแนล จำกัด ,10160100125368,4(1),1011,10111,การฆ่าสัตว์และชำแหละไก่ ปรุงสุกไก่ย่างเสียบไม้,036-436333-47
141,ศ3-15(1)-2/36ลบ ,โรงงาน นารายณ์อาหารสัตว์ ,00160000225369,15(1),1080,10801,ผลิตอาหารสัตว์ กำลังการปละต 300 ตัน/วัน,-
142,3-56-1/38ลบ ,บริษัท เฌอร่า จำกัด (มหาชน) ,10160300125382,56,2392,23921,ผลิตวัสดุซีเมนต์คอมโพสิทธ์ เสริมแรงด้วยเส้นใย ขยายในส่วนผลิตพลังงานไฟฟ้าใช้พลังงานแสงอาทิตย์ขนาดกำลังผลิต 9.98 เมกะวัตต์ เพื่อใช้ในโรงงานเท่านั้น,01-334-0356
143,3-4(3)-1/43ลบ ,บริษัท ผลิตภัณฑ์อาหารเพื่อสุขภาพ จำกัด ,10160000125435,4(3),1013,10139,ทำลูกชิ้น ไส้กรอก,036-643222
144,3-33-2/40ลบ ,บริษัท เพอร์ฟอร์แมนซ์ รับเบอร์ จำกัด ,10160000225409,33,1520,15202,ทำพื้นรองเท้า,-
145,3-15(1)-7/48ลบ ,บริษัท เบทาโกร จำกัด (มหาชน) ,10160000725481,"15(1),15(2)",1080,10801,ผลิตอาหารสัตว์สำเร็จรูป และส่วนผสมอาหารสัตว์,036-638639-43
146,3-4(3)-2/43ลบ ,บริษัท สหอินเตอร์ฟู้ดส์ จำกัด,-,-,-,-,-,-
147,3-9(2)-9/49ลบ ,บริษัท คิงส์ สตาร์ช จำกัด ,-,-,-,-,-,-
148,3-4(3)-3/49ลบ ,บริษัท ซีโนสยามไบโอเทคนิค จำกัด ,10160000325498,4(3),1013,10139,ผลิตวัตถุดิบสำหรับอาหารเสริม,05-9090707
149,3-51-1/13ลพ ,ห้างหุ้นส่วนจำกัด สหสายเหนือหล่อยาง,10510000125134,51,2211,22112,หล่อดอกยางรถยนต์,581972-3
150,3-15(2)-1/40ลพ ,บริษัท ฟีเตอร์ อินเตอร์ โปรดักส์ จำกัด ,10510000125407,15(2),1029,10294,ผลิตขนไก่ป่น,-
151,3-39-2/46ลพ ,บริษัท ซี.เค. คาร์ตันส์ จำกัด ,-,-,-,-,-,-
152,จ3-22(3)-1/46ลพ ,บริษัท วี.เอส.ดี.สายไทย จำกัด ,20510200125460,22(3),1313,13131,ฟอกย้อมผลิตภัณฑ์สิ่งทอ,-
153,3-52(4)-1/32สข ,บริษัท ไฮแคร์ อินเตอร์เนชั่นแนล จำกัด ,10900300125324,52(4),2219,22199,ทำถุงมือยาง,236170
154,ศ3-15(2)-1/36สข ,บริษัท จะนะอุตสาหกรรมประมง จำกัด ,00900000125360,15(2),1029,10294,ทำปลาป่น,-
155,3-22(2)-30/15สป ,บริษัท ศิลปเสนีพาณิชย์ จำกัด ,-,-,-,-,-,-
156,3-22(2)-6/23สป ,บริษัท โรงงานผ้าไทย จำกัด (มหาชน) ,10110000625231,"22(1),22(2),22(3),24",1311,13111,ฟอกย้อม ทอผ้าทุกชนิด จำนวนเครื่องทอ 1096 เครื่องและถักผ้ายืด จำนวนเครื่องถัก 39 เครื่อง,3950066
157,3-13(4)-2/13สป ,บริษัท ไทยเทพรส จำกัด (มหาชน) ,10110000225131,"13(2),13(4)",1079,10799,"ทำน้ำซอส น้ำส้มสายชู ซอสพริก ซอสมะเขือเทศ ซอสหอยนางรม ซอสผง ซอสปรุงรส ซีอิ๊วและเต้าเจี้ยว ได้เดือนบะ 1,715,000 ลิตร",02-7034444
158,3-15(1)-1/18สป ,บริษัท ซีพีเอฟ (ประเทศไทย) จำกัด (มหาชน) ,10110200125180,15(1),1080,10801,ทำอาหารสัตว์,3128333
159,3-9(2)-1/22สป ,บริษัท เฟรนด์ชิพ คอร์น สตาร์ช จำกัด ,10110200125222,"9(2),15(1)",1061,10612,ผลิตและจำหน่ายแป้งข้าวโพด ผลิตอาหารสัตว์,0 2108 2053-6
160,3-22(2)-1/16สป ,บริษัท สหชูสิน จำกัด ,10110200125164,"22(1),22(2)",1311,13111,ปั่นด้าย ทอผ้า แกนปั่นด้าย 22400 แกน และเครื่องทอ 400 เครื่อง,-
161,3-22(2)-11/21สป ,บริษัท ศิลปเสนีพาณิชย์ จำกัด ,-,-,-,-,-,-
162,3-11(6)-2/23สป ,บริษัท เพียวเคมม์ จำกัด ,10110100225239,11(6),1072,10722,"ผลิตเดกซ์โทรส ซอร์บิทอลและฟรักโทส (Fructose) รวมกำลังการผลิตสูงสุดเพิ่มขึ้นเป็น 66,430 ตัน/ปี",3372373-7
163,3-22(3)-5/15สป ,- ,22(3)-5/15สป]ป,22(3),1313,13131,พิมพ์ผ้าและย้อมผ้า,4258230
164,3-22(3)-7/15สป ,บริษัท พัตราภรณ์ไทยการย้อม จำกัด ,10110000725155,22(3),1313,13131,ฟอก-ย้อม และพิมพ์ลวดลายผ้า,3943013
165,3-2(1)-1/18สป ,บริษัท แหลมทองสหการ จำกัด ,10110000125182,"2(1),9(2),15(1)",0163,01630,อบพืช ผลิตแป้งสาลี ผลิตอาหารสัตว์,02-4258940-4
166,3-40(1)-1/27สป ,บริษัท ไทย เค เค อุตสาหกรรม จำกัด ,10110600125277,40(1),2399,23991,ทำเทปกาวต่าง ๆ,3381465-7
167,3-8(1)-3/30สป ,บริษัท ไทย อกริ ฟู้ดส์ จำกัด (มหาชน) ,-,-,-,-,-,-
168,ข3-29-3/55สป ,บริษัท ชัยวัฒนา แทนเนอรี่ กรุ๊ป จำกัด (มหาชน) ,91620000325550,29,1511,15110,ฟอกหนังสัตว์,-
169,3-53(4)-10/35สป ,บริษัท โตโฮโฟม (ไทยแลนด์) จำกัด ,10110201025355,53(4),2222,22220,ทำกล่องและบรรจุภัณฑ์จากโฟม,3166268
170,3-53(4)-2/32สป ,บริษัท ว่านลี่ แพ็คกิ้ง เอ็นเตอร์ไพรส จำกัด ,10110700225324,53(4),2222,22220,ทำกล่องและบรรจุภัณฑ์ด้วยโฟม,3167657
171,3-53(1)-10/32สป ,บริษัท ไทยโตโยโฟม อินดัสทรี จำกัด ,10110001025324,53(1),2221,22210,ทำโฟมบรรจุหีบห่อ และโฟมฉนวนกันความร้อน-เย็น,02-3370173-4
172,3-22(3)-3/34สป ,บริษัท ไทยฟิลาเมนท์ฟินิชชิ่ง จำกัด ,-,-,-,-,-,-
173,3-53(1)-1/34สป ,บริษัท สยามโฟมแพค จำกัด ,10110800125341,53(1),2221,22210,ทำผลิตภัณฑ์โฟม,-
174,3-29-2/32สป ,บริษัท คลาสสิค โปรดักส์ (ประเทศไทย) จำกัด ,10110400225327,29,1511,15110,เคลือบสีหนังสัตว์,
175,3-53(5)-6/34สป ,บริษัท ฉวนลี่ อินดัสเตรียล จำกัด ,10110300625345,53(5),2223,22230,ทำผลิตภัณฑ์โฟมเกรดพี,-
176,3-13(2)-2/30สป ,บริษัท พรีเมียร์ แคนนิ่ง อินดัสตรี้ จำกัด ,10110100225304,"13(2),15(1)",1077,10774,ทำซอสมะเขือเทศ อาหารทะเลบรรจุกระป๋องและน้ำมะเขือเทศ ทำอาหารผสมหรืออาหารสำเร็จรูปสำหรับสัตว์,338-1327-32
177,3-22(3)-15/35สป ,บริษัท ไทยฟีลาเมนต์เท็กซ์ไทล์ จำกัด ,10110001525356,22(3),1313,13131,ฟอกย้อมผ้า-ใยเทียม และพิมพ์ผ้า,3232566
178,3-53(4)-4/33สป ,บริษัท โปลิโฟม สุวรรณภูมิ จำกัด ,10110200425333,53(4),2222,22220,ทำผลิตภัณฑ์โฟมสำหรับใชัในการบรรจุหีบห่อสินค้าต่าง ๆ,3532466
179,น.53(4)-2/2535-นนบ. ,บริษัท โฟมเทคนิค จำกัด ,82040000225356,53(4),2222,22220,ผลิตโฟมบรรจุภัณฑ์ 720 ตัน,
180,3-52(4)-1/36สป ,บริษัท โรงงานยางไทยสินอนันต์ (2516) จำกัด ,10110700125367,52(4),2219,22199,ทำสายพานยาง กำลังการผลิต สายพานแบน 19.20 ล้านตารางนิ้ว/ปี สายพานวี 35 ล้านนิ้ว/ปี,02-4631717
181,ศ3-15(2)-1/36สป ,บริษัท ซีพีเอฟ (ประเทศไทย) จำกัด (มหาชน) ,00110500125361,15(2),1029,10294,ทำขนสัตว์ปีกป่น,2126352
182,3-44-2/34สป ,บริษัท หมิงตี้เคมีคอล จำกัด ,10110500225342,44,2410,24101,"ผลิตเม็ดโฟม EPS (Expandable Polystyrene) กำลังการผลิต 36,000 ตัน/ปี",-
183,ข3-29-2/55สป ,บริษัท คิว.ซี.เลเทอร์ จำกัด ,91620000225552,29,1511,15110,ฟอกหนังสัตว์,-
184,3-22(3)-8/36สป ,บริษัท ร่วมอุดมทาวเวล อินดัสตรี้ จำกัด ,10110000825369,22(3),1313,13131,ทอผ้า ฟอกย้อม พิมพ์ผ้า และตัดเย็บเสื้อผ้าสำเร็จรูป ได้ผ้า 1200000 ปอนด์ต่ดปี,-
185,3-22(3)-1/43สป ,บริษัท ธนากุลพิมพ์ย้อม จำกัด,-,-,-,-,-,-
186,3-22(3)-5/35สป ,บริษัท สุวรรณีฟอก-ย้อม จำกัด,-,-,-,-,-,-
187,3-22(3)-2/39สป ,บริษัท แฟร์เท็กซ์ไทล์ แอนด์ ลอจีสติกส์ (ประเทศไทย) จำกัด ,10110100225395,22(3),1313,13131,ฟอกย้อมเส้นด้ายและผ้า,-
188,3-22(3)-3/28สป ,บริษัท โกลเดิ้นไทย อินดัสทรียส์ จำกัด ,-,-,-,-,-,-
189,3-22(2)-28/34สป ,บริษัท แสงวณิชเท็กซ์ไทล์ จำกัด ,10110002825342,22(2),1311,13111,ทอผ้า (จำนวนเครื่องทอ 252 เครื่อง),02-7014673-4
190,จ3-53(8)-1/42สป ,บริษัท แบงค็อค โตเกียว โพลีเมอร์ จำกัด ,20112100125425,53(8),2229,22299,ผลิตภัณฑ์พลาสติกแผ่น,-
191,3-53(6)-3/49สป ,บริษัท ไทยไอโซวอลล์ จำกัด ,10110000325493,53(6),2229,22299,ผลิตโฟมจากโพลีสไตรีน เช่น ภาชนะบรรจุ ฉนวนกันความร้อน-เย็น ผนังห้องเย็น,02-7083746-50
192,3-102-1/51สป ,บริษัท อุตสาหกรรมรามาเท็กซ์ไทล์ (1988) จำกัด ,10110300125510,102,3530,35302,การผลิต และหรือจำหน่ายไอน้ำ,02-3892298
193,3-7(4)-1/52สป ,บริษัท ที เอส อุตสาหกรรมน้ำมัน จำกัด , 1011000012552,"7(4),53(4),91(1)",1049,10491,ทำน้ำมันปาล์มให้บริสุทธิ์ ผลิตขวดพลาสติกและแบ่งบรรจุน้ำมันพืช,02-18345703
194,จ3-104-2/54สป ,บริษัท โรจน์ ไพศาลอินดัสตรี้ส์ จำกัด,-,-,-,-,-,-
195,3-15(1)-6/50สส ,บริษัท เอฟเวอร์ไชน์นิ่ง อินเกรเดียน จำกัด ,10750000625507,15(1),1080,10801,ผลิตวัตถุดิบเพื่อผสมอาหารสัตว์ (โปรตีนถั่วเหลือง),034-756485
196,3-6(1)-2/54สค ,บริษัท ไทยรวมสินพัฒนาอุตสาหกรรม จำกัด ,10740000225549,"4(5),6(1)",1022,10222,ผลิตอาหารจากสัตว์บรรจุกระป๋อง,034-816444
197,3-22(2)-1/13สค ,บริษัท แปซิฟิคการทอ จำกัด ,10740000125137,"22(2),22(3)",1311,13111,ถักผ้ายืด (เครื่องถัก 75 เครื่อง) ทอผ้าขนหนู (เครื่องทอผ้าขนหนู 3 เครื่อง) กรอด้ายหลอด ตัดเย็บเสื้อผ้า (จักรเย็บผ้า 100 เครื่อง) และฟอกย้อม,4201157
198,3-38(2)-1/19สค ,บริษัท ปัญจพลไฟเบอร์คอนเทนเนอร์ จำกัด ,10740300125191,38(2),1701,17012,"ผลิตกระดาษแข็ง กระดาษสีน้ำตาล กระดาษคร๊าฟ กระดาษคอบูเกตติ้งมีเดียม กระดาษถุงปูนซีเมนต์ ได้เดือนละ 15,077.7 ตัน",423019
199,3-15(2)-3/19สค ,ห้างหุ้นส่วนจำกัด รวมมิตรโภคภัณฑ์อุตสาหกรรม,10740000325190,15(2),1029,10294,ทำปลาป่น,034-411684
200,3-24-1/18สค ,บริษัท ฟาร์อีสท์ปั่นทออุตสาหกรรม จำกัด ,10740200125184,24,1399,13999,ถักผ้ายืด พิมพ์ผ้า และแต่งสำเร็จ (จำนวนเครื่องถัก 205 เครื่อง),4201367
201,3-51-1/19สค ,บริษัท อุตสาหกรรมผลิตยางไทยสิน จำกัด ,10740800125196,51,2211,22112,ผลิตยางนอก ยางในรถยนต์ จักรยานยนต์ จักรยาน และกาวนำ้,02-8104106-8
202,3-6(1)-1/15สค ,บริษัท เจริญอุตสาหกรรม จำกัด ,10740000125152,6(1),1022,10222,ผลิตอาหารกระป๋อง และน้ำปลา,411906
203,3-22(3)-2/30สค ,บริษัท บริติช-ไทยซิน เทติคเท็กสไทล์ จำกัด,-,-,-,-,-,-
204,3-15(2)-1/22สค ,บริษัท ศิริชัยอุตสาหกรรม จำกัด ,10740100125227,15(2),1029,10294,ทำปลาป่น,034-411684
205,3-51-1/22สค ,บริษัท ป.สยามอุตสาหกรรมยาง จำกัด ,10740400125224,51,2211,22112,ผลิตยางรถยนต์และหล่อดอกยางรถยนต์ โดยเพิ่ม,02-8109381-85
206,3-6(1)-1/23สค ,บริษัท ยูนิคอร์ด จำกัด (มหาชน) ,10740000125236,"6(1),6(2),8(1),15(1),92",1022,10222,ทำอาหารกระป๋อง และทำปลาทูน่านึ่งสุกแช่แข็ง และอาหารทะเลแช่แข็ง ,412965
207,ศ3-10(3)-1/37สค ,โรงก๋วยเตี๋ยววัด ดอน ,-,-,-,-,-,-
208,3-13(2)-2/27สค ,บริษัท หยั่น หว่อ หยุ่น คอร์ปอเรชั่น กรุ๊ป จำกัด,-,-,-,-,-,-
209,3-6(1)-1/44สค ,บริษัท ไทยรวมสินพัฒนาอุตสาหกรรม จำกัด ,10740000125442,"4(5),6(1),92",1022,10222,ผลิตอาหารจากสัตว์น้ำบรรจุกระป๋องและทำห้องเย็นเก็บสัตว์น้ำ,034-816444-6
210,3-22(2)-1/30สค ,บริษัท สว่างเท็กซ์ไทล์ จำกัด ,10740000125301,22(2),1311,13111,ทอผ้าทุกชนิดและฟอกย้อม,-
211,3-48(4)-1/27สค ,บริษัท ไนโตรเคมีอุตสาหกรรม จำกัด ,10740300125274,48(4),2029,20291,ผลิตไนโตรเซลลูโลส,2111473
212,3-22(3)-4/30สค ,บริษัท เชียงแสงเท็กซไทล์ อินดัสตรีส์ จำกัด ,10740000425305,"22(3),28(1)",1313,13131,ย้อมผ้ามุ้ง ตัดเย็บผ้ามุ้ง และเสื้อผ้าสำเร็จรูป (จักรเย็บผ้าจำนวน 50 เครื่อง),-
213,ส3-38(2)-1/31สค ,บริษัท เอเซียคราฟเปเปอร์ จำกัด ,00740000125311,38(2),1701,17012,ผลิตกระดาษเหนียว,423506
214,3-15(2)-2/32สค ,บริษัท ที.ซี.ยูเนี่ยน อโกรเทค จำกัด ,10740200225323,"6(4),13(2),15(2)",1029,10294,ทำปลาป่น การทำไส้ปลาป่น และน้ำโปรตีนเข้มข้นจากปลา ผลิตน้ำมันปลา,425187
215,3-51-1/32สค ,บริษัท วีรับเบอร์ คอร์ปอเรชั่น จำกัด ,10740600125321,51,2211,22112,ผลิตยางนอก ยางในจักรยาน จักรยานยนต์ รถยนต์,2111856
216,3-40(1)-2/36สค ,บริษัท เอเอสเอ บ๊อกซ์บอร์ด คอนเทนเนอร์ จำกัด ,10740000225366,"39,40(1)",2399,23991,"ผลิตแผ่นกระดาษลูกฟูก ได้เดือนละ 1,000 ตัน และผลิตกล่องกระดาษลูกฟูก",427095
217,ศ3-6(2)-1/35สค ,บริษัท แปซิฟิค มารีนฟู๊ด โปรดักส์ จำกัด,-,-,-,-,-,-
218,3-22(3)-2/33สค ,บริษัท ไทย เอ็กซ์เพรส เท็กซ์ไทล์ จำกัด ,10740100225332,"22(3),24",1313,13131,ฟอก ย้อมผ้า ขยายการถักผ้า,034-425613-5
219,3-22(3)-2/32สค ,บริษัท ร่วมแสงศิลป์ จำกัด ,10740400225321,22(3),1313,13131,ฟอกผ้า,-
220,3-22(3)-4/34สค ,บริษัท เค เวิลด์เท็กซ์ไทล์ จำกัด,-,-,-,-,-,-
221,3-22(3)-10/35สค ,บริษัท ฟรีเท็กซ์ อีลาสติค จำกัด ,10740001025351,22(3),1313,13131,ย้อมสีแถบยางยืด และแถบผ้าต่าง ๆ,-
222,ศ3-15(2)-1/34สค ,บริษัท เสริมสินผลิตภัณฑ์ปลา จำกัด ,00740800125347,"15(1),15(2)",1029,10294,ผลิตส่วนผสมอาหารสัตว์จากเศษซากสัตว์น้ำและการทำอาหารผสมหรืออาหารสำเร็จรูปสำหรับเลี้ยงสัตว์,425772-3
223,3-7(4)-1/29สค ,บริษัท เอ ไอ เอนเนอร์จี จำกัด (มหาชน) ,10740000125293,"7(4),7(5)",1049,10491,ผลิตและแบ่งบรรจุน้ำมันพืช ไขมัน เนยเทียม และไบโอดีเซล,471402
224,ศ3-6(5)-1/35สค ,บริษัท ยูนิคอร์ด จำกัด (มหาชน) ,00740200125350,"4(3),4(5),6(1),6(5),15(1),92",1021,10212,ผลิตปลาทูน่านึ่งสุก และผลิตปลาทูน่าบรรจุกระป๋อง,034-831219
225,3-22(2)-5/24สค ,บริษัท ไทยประสิทธิ์เท็กซ์ไทล์ จำกัด ,10740000525245,"22(2),32(2),53(5)",1311,13111,ทอมุ้งพลาสติกและทอผ้าทุกชนิด (จำนวนเครื่องทอผ้า 114 เครื่อง),034 423062
226,3-22(4)-3/37สค ,บริษัท ชาร์เตอร์พริ้นท์ จำกัด ,10740200325370,22(4),1313,13132,พิมพ์ผ้า,4291667
227,ศ3-6(1)-1/34สค ,บริษัท ณรงค์ซีฟูด จำกัด ,00740000125345,6(1),1022,10222,ผลิตอาหารจากสัตว์น้ำและการถนอมสัตว์น้ำโดยวิธีการแช่แข็ง เช่น ปลา กุ้ง ปลาหมึก หอย,(034) 424669
228,ศ3-8(2)-1/35สค ,บริษัท ยูนิตี้ฟู้ด จำกัด ,00740300125359,8(2),1030,10304,ผลิตผลไม้อบแห้ง,034-839715-6
229,3-15(2)-2/46สค ,บริษัท ศิริแสงอารำพี จำกัด ,10740100225464,"6(2),15(2),102",1029,10294,ทำปลาป่น บดกระดองปู ตบแต่งกระดองหมึก ย่างเศษหมึกและหัวกุ้ง,034-816084-5
230,3-42(1)-1/41สค ,บริษัท ไทยซิตริก แอซิด จำกัด ,10740700125411,42(1),2011,20113,ผลิตกรดมะนาว (ซิตริก แอซิด),034-822215-6
231,3-40(1)-3/38สค ,บริษัท เอเอสเอ คอนเทนเนอร์ จำกัด ,10740000325380,40(1),2399,23991,"ทำแผ่นกระดาษลูกฟูกและกล่องกระดาษ ได้ปีละ 6,000 ตัน",-
232,3-39-1/38สค ,บริษัท ดีเอ็ม คอนเทนเนอร์ จำกัด ,10740500125389,39,1702,17020,ทำกล่องกระดาษ และแผ่นกระดาษลูกฟูก,034-839451-4
233,3-51-3/35สค ,บริษัท วีไทร์ แอนด์ รับเบอร์ จำกัด ,10740200325354,51,2211,22112,ผลิตยางนอก ยางในรถยนต์ และรถจักรยานยนต์ พร้อมหน้ายางหล่อดอก,034-410631-3
234,ศ3-7(4)-1/39สค ,บริษัท โอลีน จำกัด ,00740000125394,"7(4),7(5)",1049,10491,ทำน้ำมันจากพืชให้บริสุทธิ์ ไขมันพืช มาการีน ,034-839760
235,ศ3-2(1)-1/38สค ,บริษัท พรีเซิร์ฟ ฟู้ด สเปเชียลตี้ จำกัด ,00740000125386,"2(1),4(2),6(2)",0163,01630,ผลิตอาหารอบแห้ง ,034-812459
236,3-98-1/40สค ,บริษัท ไบโอคลีน จำกัด ,10741700125401,98,2826,28269,ซักย้อมผ้าและเสื้อผ้าทุกชนิด,424039
237,3-6(1)-1/42สค ,บริษัท โกลเด้นไพรซ์แคนนิ่ง จำกัด,-,-,-,-,-,-
238,จ3-22(2)-5/42สค ,บริษัท สยามซีนิท แฟบริค จำกัด,20740000525425,"22(2),22(3),22(4)",1311,13111,ทอ ฟอกย้อม และพิมพ์ผ้า,-
239,3-6(1)-1/45สค ,บริษัท อุตสาหกรรมน้ำแข็ง ทวีวงษ์ จำกัด,-,-,-,-,-,-
240,3-15(2)-1/45สค ,บริษัท ศิริชัย เฟทเธอร์ อินดัสเทรียล จำกัด ,10740400125455,15(2),1029,10294,ผลิตขนไก่ป่น,034-845-388-89
241,3-15(1)-3/45สค ,บริษัท ไทยยูเนี่ยน ฟีดมิลล์ จำกัด (มหาชน) ,10740000325455,15(1),1080,10801,ผลิตอาหารสัตว์ เช่น อาหารกุ้งกุลาดำ อาหารกุ้งขาว และอาหารปลา,034-417219
242,3-15(1)-7/51สค ,บริษัท อินเทคค์ ฟีด จำกัด ,10740000725514,15(1),1080,10801,ผลิตอาหารสัตว์ อาหารกุ้ง ปลา ไก่ สุกร โค สุนัข แมวและอื่น ๆ,-
243,3-8(2)-1/45สค ,บริษัท ชินวงศ์ฟู้ด จำกัด ,10740200125457,8(2),1030,10304,ผลิต พืช ผัก ผลไม้ หมักดองและอบแห้งทุกชนิด,034-851131
244,3-15(1)-1/46สค ,บริษัท เวท ซุปพีเรีย คอนซัลแตนท์ จำกัด ,10740300125464,"15(1),43(1),46(2)",1080,10801,ผลิตอาหารสัตว์ เช่น กุ้ง ปลา ฯลฯ ผลิตยาฆ่าเชื้อ สำหรับการเพาะเลี้ยงสัตว์น้ำด้านการปศุสัตว์ และการเกษตร,-
245,จ3-98-1/46สค ,บริษัท เทพฤกษ์ จำกัด ,20745200125462,98,2826,28269,รับซัก อบ รีด เสื้อผ้าสำเร็จรูป,-
246,ศ3-15(2)-2/34สค ,บริษัท รุ่งสินโภคภัณฑ์ จำกัด ,00740400225349,15(2),1029,10294,ทำปลาป่น,423965
247,3-6(3)-1/46สค ,บริษัท คริสตัลโฟรเซ่นฟู้ดส์ จำกัด ,10740000125467,"6(3),6(5),92",1022,10222,ผลิตอาหารทะเลแช่แข็งเพื่อการส่งออก,034-419321-33
248,3-15(2)-1/46สค ,บริษัท ปิโยโภคภัณฑ์ จำกัด ,10740400125463,15(2),1029,10294,ทำปลาป่น,034-869088
249,3-22(2)-2/45สค ,บริษัท เวลิด์นิตติ้ง เท็กซ์ไทล์ จำกัด ,-,-,-,-,-,-
250,3-6(1)-2/42สค ,บริษัท ไทยยูเนี่ยน กรุ๊ป จำกัด (มหาชน) ,10740000225424,"6(1),6(2)",1022,10222,"ผลิตอาหารทะเลแช่แข็ง, อาหารทะเลบรรจุกระป๋อง, ถุง และอาหารสำเร็จรูปและ กึ่งสำเร็จรูป",-
251,3-6(1)-2/47สค ,บริษัท เอ็ม เอ็ม พี อินเตอร์เนชั่นแนล จำกัด ,10740000225473,6(1),1022,10222,ผลิตอาหารทะเลบรรจุกระป๋อง,034-831081
252,3-22(3)-2/34สค ,บริษัท ยูเนี่ยนแฟบริค จำกัด ,10740200225349,22(3),1313,13131,ฟอกย้อมผ้า,424025
253,3-88-3/48สค ,บริษัท นันยาง เอ็นเนอร์ยี่ จำกัด ,10740100325488,"88,102",3510,35101,"ผลิตส่งจำหน่ายพลังงานไฟฟ้า มีกำลังการผลิต 14,428,800 กิโลวัตต์/ปี, ผลิตจำหน่ายพลังงานไอน้ำ มีกำลังการผลิต 176,352 ตัน/ปี",02-4212160
254,3-6(5)-15/48สค ,บริษัท พี.ซี.ทูน่า จำกัด ,10740001525483,6(5),1021,10212,ทำผลิตภัณฑ์จากสัตว์น้ำ เช่น ล้าง ชำแหละ แกะ ต้ม นึ่ง ทอด หรือบดสัตว์น้ำ การทำอาหารจากสัตว์น้ำและบรรจุในภาชนะที่ผนึกอากาศเข้าไม่ได้ การทำอาหารหรือเครื่องดื่มจากผักหรือผลไม้และบรรจุในภาชนะที่ผนึกอากาศเข้าไม่ได้,034-849952-5
255,3-39-41/48สค ,บริษัท ลี เปเปอร์ อินดัสเตรียล จำกัด ,10740004125489,39,1702,17020,ผลิตกระดาษลูกฟูกและกล่องกระดาษทุกชนิด,02-5366817
256,3-22(2)-3/15สค ,บริษัท ก.สหกิจการทอ จำกัด ,10740100325157,22(2),1311,13111,ทอผ้า (จำนวนเครื่องทอผ้า 200 เครื่อง),-
257,3-6(1)-1/49สค ,บริษัท เอเชี่ยน อะไลอันซ์ อินเตอร์เนชั่นแนล จำกัด ,10740000125491,"6(1),6(2),15(2)",1022,10222,ปลาบรรจุกระป๋อง ปลาแช่แข็ง อาหารสัตว์เลี้ยง,034-845575-91
258,3-39-15/50สค ,บริษัท โอเรียนคอนเทนเนอร์ จำกัด ,10740001525509,39,1702,17020,ผลิตกล่องกระดาษ,-
259,3-10(2)-1/50สค ,บริษัท เฮอริเทจ สแน็ค แอนด์ ฟู้ด จำกัด ,10740000125509,10(2),1071,10712,ผลิตขนมข้าวอบกรอบ และขนมอบแห้งต่าง ๆ,034-845448-9
260,3-22(3)-8/47สค ,บริษัท แกรนด์ ยูเนี่ยน เท็กซ์ไทล์ จำกัด ,10740000825470,22(3),1313,13131,ฟอกย้อมผ้า,-
261,จ3-6(3)-3/50สค ,บริษัท คิงส์ วชิ จำกัด ,-,-,-,-,-,-
262,จ3-6(1)-1/51สค ,บริษัท ทูน่า อาพันธ์ จำกัด ,-,-,-,-,-,-
263,3-22(1)-4/34สค ,บริษัท สหต้าซิ่ง โพลีเท็กซ์ จำกัด ,10740000425347,"22(1),22(3)",1313,13131,ตีเกลียวเส้นด้าย กรอด้ายหลอด ฟอกย้อมผ้า และเส้นด้าย,-
264,3-102-2/52สค ,บริษัท เอเอสเอ คอนเทนเนอร์ จำกัด ,10740200225521,102,3530,35302,ผลิตไอน้ำ,02-8104750-65
265,3-6(5)-3/54สค ,บริษัท มารีน ไบโอ รีซอสเซล จำกัด ,10740000325547,6(5),1021,10212,ผลิตไคติน-ไคโตซาน และผลิตภัณฑ์สารสกัดอื่นจากสัตว์น้ำ,034-834901-4
266,3-52(4)-2/46สค ,บริษัท ไทยเซ็นทรี (1995) จำกัด ,10740300225462,52(4),2219,22199,ทำผลิตภัณฑ์ยาง เช่น ท่อยาง แผ่นยาง และผลิตยางออกกำลังกาย ฯลฯ,'-\\-'
267,น.22(4)-1/2555-ญมร. ,บริษัท แอ็บโซลูท เดนิม จำกัด ,72350000125551,"22(1),22(3),22(4)",1313,13132,"ผลิตสิ่งทอ(ปั่น,ทอ,ฟอก,ย้อม,พิมพ์สิ่งทอ)",-
268,3-6(1)-2/57สค ,บริษัท เอส.เค.ฟู้ดส์ (ประเทศไทย) จำกัด (มหาชน) ,10740000225572,"4(3),92",1022,10222,ผลิตอาหารบรรจุในภาชนะที่ผนึกและห้องเย็น,-
269,3-52(4)-7/38สค ,บริษัท เลี่ยงฮะเฮง อินเตอร์เนชั่นแนลรับเบอร์ จำกัด ,10740800725383,52(4),2219,22199,"ทำยางรัดของและทำท่อยาง กำลังการผลิต ยางรัดของ 4,800 ตัน/ปี ท่อยาง 420 ตัน/ปี",-
270,3-53(1)-48/50สค ,บริษัท ไทยประสิทธิ์เท็กซ์ไทล์ จำกัด ,10740004825500,53(1),2221,22210,ทำมุ้งใยแก้วเคลือบพลาสติก,034-423062-3
271,3-17-13/50สก ,บริษัท ไท่ผิง เอทานอล จำกัด ,10270001325502,17,2011,20114,"ผลิตเอทานอลเพื่อใช้เป็นเชื้อเพลิง กำลังการผลิต 300,000 ลิตรต่อวัน",-
272,3-56-20/48สบ ,บริษัท คาลซันสไตน์ จำกัด ,-,-,-,-,-,-
273,ส3-15(1)-1/32สบ ,บริษัท ลีพัฒนาอาหารสัตว์ จำกัด ,00190000125327,15(1),1080,10801,ผลิตอาหารสัตว์ผสมสำเร็จรูป,036-223370-5
274,ศ3-15(1)-3/34สบ ,บริษัท ซีพีเอฟ (ประเทศไทย) จำกัด (มหาชน) ,00190000325349,15(1),1080,10801,ผลิตอาหารสัตว์,081-371885
275,ศ3-42(1)-1/34สบ ,บริษัท สยามฟอสเฟตอินดัสทรี จำกัด ,00190400125349,42(1),2011,20113,ผลิตเคมีภัณฑ์สำหรับผสมอาหารสัตว์,212608
276,3-15(1)-5/51สบ ,บริษัท เจริญโภคภัณฑ์อาหาร จำกัด (มหาชน) ,10190000525516,15(1),1080,10801,ผลิตอาหารสัตว์น้ำ,036-381297-9
277,3-88-24/52สบ ,บริษัท ทีพีไอ โพลีน เพาเวอร์ จำกัด(มหาชน) ,10190002425525,88,3510,35101,ผลิตไฟฟ้า 40 เมกะวัตต์,036-399111
278,3-44-1/32สบ ,บริษัท ไทย อคริลิค ไฟเบอร์ จำกัด ,10190300125322,44,2013,20131,"ผลิตเส้นใยอคริลิค (ปริมาณการผลิต 32,600 เมตริกตันต่อป) ",036-240100
279,ข3-38(2)-1/51สบ ,บริษัท ริเวอร์โปร์ พัลพ แอนด์ เพเพอร์ จำกัด ,91040000125514,38(2),1701,17012,ผลิตกระดาษอนามัย,-
280,3-102-2/57สบ ,บริษัท ทีพีไอ โพลีน จำกัด (มหาชน) ,10190000225570,88,3530,35302,ผลิตไอน้ำ ขนาด 35 ตันต่อชั่วโมง และผลิตพลังงานไฟฟ้า กำลังการผลิต 6.0 เมกะวัตต์,036-6703670-5
281,3-102-3/58สบ ,บริษัท ทีพีไอ โพลีน เพาเวอร์ จำกัด(มหาชน) ,10190000325586,102,3530,35302,ผลิตพลังงานไอน้ำ,-
282,3-58(1)-1/38สห ,บริษัท อินทรี ซุปเปอร์บล๊อก จำกัด ,10170100125383,58(1),2395,23953,ผลิตคอนกรีตมวลเบา,036-535370
283,3-58(1)-1/39สห ,บริษัท แอโรกรีต (ประเทศไทย) จำกัด ,10170100125391,58(1),2395,23953,ทำผลิตภัณฑ์คอนกรีตผสมยิบซัม เช่น ผนังคอนกรีตเบา,-
284,3-44-1/20อท ,บริษัท ไทยเรยอน จำกัด (มหาชน) ,10150000125204,"42(1),44",2013,20131,"ผลิตเส้นใยธรรมชาติ,เส้นใยสังเคราะห์",-
